taxa_id,taxa,taxa_short,lambda,med,mean,max
1,k__Archaea.p__Euryarchaeota,PHYLUM_Euryarchaeota,1.04481422862426,0.309318490597583,0.451650859781219,7.90968197552972
2,k__Bacteria.p__Actinobacteria,PHYLUM_Actinobacteria,1.02172477091958,0.305061531187755,0.441899618347505,5.47480483642666
3,k__Bacteria.p__Actinobacteria.c__Actinobacteria,CLASS_Actinobacteria,1.02306189911597,0.305308828042821,0.443514951759352,6.98338863239058
4,k__Bacteria.p__Actinobacteria.c__Actinobacteria.o__Actinomycetales,ORDER_Actinomycetales,1.00261519212178,0.301516678076767,0.440992564115974,5.68437386963679
5,k__Bacteria.p__Actinobacteria.c__Actinobacteria.o__Actinomycetales.f__Actinomycetaceae,FAMILY_Actinomycetaceae,0.994705492282438,0.300043531197624,0.438978465686928,5.60510024641606
6,k__Bacteria.p__Actinobacteria.c__Actinobacteria.o__Actinomycetales.f__Actinomycetaceae.g__,FAMILY_Actinomycetaceae.g__Other,0.859377921641733,0.274041022391882,0.804643343578208,15.9545909533585
7,k__Bacteria.p__Actinobacteria.c__Actinobacteria.o__Actinomycetales.f__Actinomycetaceae.g__Actinomyces,GENUS_Actinomyces,1.00018663463464,0.30106474061235,0.43930497120657,5.70537727966071
8,k__Bacteria.p__Actinobacteria.c__Actinobacteria.o__Actinomycetales.f__Actinomycetaceae.g__Mobiluncus,GENUS_Mobiluncus,1.19793710801052,0.336888268137031,0.514344263279783,15.9545909533585
9,k__Bacteria.p__Actinobacteria.c__Actinobacteria.o__Actinomycetales.f__Actinomycetaceae.g__Varibaculum,GENUS_Varibaculum,0.670631472903216,0.236006294651393,0.595898046397952,15.9545909533585
10,k__Bacteria.p__Actinobacteria.c__Actinobacteria.o__Actinomycetales.f__Corynebacteriaceae,FAMILY_Corynebacteriaceae,1.06187487575755,0.312446069799881,0.458041959867864,8.99534335992146
11,k__Bacteria.p__Actinobacteria.c__Actinobacteria.o__Actinomycetales.f__Micrococcaceae,FAMILY_Micrococcaceae,1.05368255773545,0.310946108376835,0.454796989193855,9.64076421997913
12,k__Bacteria.p__Actinobacteria.c__Actinobacteria.o__Bifidobacteriales,ORDER_Bifidobacteriales,1.01578014863297,0.303960928161961,0.443435347728682,7.08386886535568
13,k__Bacteria.p__Actinobacteria.c__Actinobacteria.o__Bifidobacteriales.f__Bifidobacteriaceae.g__,FAMILY_Bifidobacteriaceae.g__Other,1.14314147011854,0.327147403067197,0.480914273590628,12.2882593959992
14,k__Bacteria.p__Actinobacteria.c__Actinobacteria.o__Bifidobacteriales.f__Bifidobacteriaceae.g__Bifidobacterium,GENUS_Bifidobacterium,1.01694153860604,0.304176101238115,0.443758068328902,7.05589206847061
15,k__Bacteria.p__Actinobacteria.c__Actinobacteria.o__Bifidobacteriales.f__Bifidobacteriaceae.g__Scardovia,GENUS_Scardovia,1.16514884445433,0.331070158021587,0.498852934927667,15.9545909533585
16,k__Bacteria.p__Actinobacteria.c__Coriobacteriia,CLASS_Coriobacteriia,1.02686215061092,0.306011146752901,0.440897814047642,7.51264665245532
17,k__Bacteria.p__Actinobacteria.c__Coriobacteriia.o__Coriobacteriales.f__Coriobacteriaceae.g__,FAMILY_Coriobacteriaceae.g__Other,1.01348383408111,0.303535269619076,0.443733450319925,5.97511634302661
18,k__Bacteria.p__Actinobacteria.c__Coriobacteriia.o__Coriobacteriales.f__Coriobacteriaceae.g__Adlercreutzia,GENUS_Adlercreutzia,0.996491326768674,0.300376440178085,0.436934024645518,5.94937667400897
19,k__Bacteria.p__Actinobacteria.c__Coriobacteriia.o__Coriobacteriales.f__Coriobacteriaceae.g__Atopobium,GENUS_Atopobium,1.04878967087656,0.310048611905493,0.451500314831316,12.0466951304455
20,k__Bacteria.p__Actinobacteria.c__Coriobacteriia.o__Coriobacteriales.f__Coriobacteriaceae.g__Collinsella,GENUS_Collinsella,1.0067910989215,0.302293021642054,0.439645318143738,6.32288601397366
21,k__Bacteria.p__Actinobacteria.c__Coriobacteriia.o__Coriobacteriales.f__Coriobacteriaceae.g__Eggerthella,GENUS_Eggerthella,1.20282169222628,0.337654471668237,0.559881829224036,15.9545909533585
22,k__Bacteria.p__Actinobacteria.c__Coriobacteriia.o__Coriobacteriales.f__Coriobacteriaceae.g__Slackia,GENUS_Slackia,1.05747872811887,0.311641588730838,0.460792115377864,9.5489907718961
23,k__Bacteria.p__Bacteroidetes,PHYLUM_Bacteroidetes,1.05194319545325,0.31062720038375,0.448531622564752,7.1057365654733
24,k__Bacteria.p__Bacteroidetes.c__Bacteroidia,CLASS_Bacteroidia,1.0519093014275,0.310620984449046,0.448531762616509,7.10620440533476
25,k__Bacteria.p__Bacteroidetes.c__Bacteroidia.o__Bacteroidales.f__.Barnesiellaceae.,FAMILY_.Barnesiellaceae.,1.01608220548884,0.304016897890176,0.44299359319862,10.2722904254845
26,k__Bacteria.p__Bacteroidetes.c__Bacteroidia.o__Bacteroidales.f__.Odoribacteraceae.,FAMILY_.Odoribacteraceae.,1.01722495168663,0.304228598652187,0.446172881735573,7.79329282936468
27,k__Bacteria.p__Bacteroidetes.c__Bacteroidia.o__Bacteroidales.f__.Odoribacteraceae..g__Butyricimonas,GENUS_Butyricimonas,1.03348492898765,0.307233252012342,0.44495407342218,6.64498931990885
28,k__Bacteria.p__Bacteroidetes.c__Bacteroidia.o__Bacteroidales.f__.Odoribacteraceae..g__Odoribacter,GENUS_Odoribacter,1.03372869355653,0.307278189646888,0.445198809378865,7.28393235213548
29,k__Bacteria.p__Bacteroidetes.c__Bacteroidia.o__Bacteroidales.f__.Paraprevotellaceae.,FAMILY_.Paraprevotellaceae.,1.04916173211448,0.31011690201246,0.451897318896728,7.10149256858265
30,k__Bacteria.p__Bacteroidetes.c__Bacteroidia.o__Bacteroidales.f__Bacteroidaceae,FAMILY_Bacteroidaceae,1.04319155774843,0.309020238457797,0.448688956372277,7.0917992421248
31,k__Bacteria.p__Bacteroidetes.c__Bacteroidia.o__Bacteroidales.f__Porphyromonadaceae,FAMILY_Porphyromonadaceae,1.03537879957016,0.307582301706973,0.445548958077284,7.11881284659528
32,k__Bacteria.p__Bacteroidetes.c__Bacteroidia.o__Bacteroidales.f__Porphyromonadaceae.g__Parabacteroides,GENUS_Parabacteroides,1.0349768563692,0.307508237416552,0.445926088259755,6.54495403964057
33,k__Bacteria.p__Bacteroidetes.c__Bacteroidia.o__Bacteroidales.f__Porphyromonadaceae.g__Porphyromonas,GENUS_Porphyromonas,1.05813996375392,0.311762655608058,0.455364851385444,7.15864741322982
34,k__Bacteria.p__Bacteroidetes.c__Bacteroidia.o__Bacteroidales.f__Prevotellaceae,FAMILY_Prevotellaceae,1.01880367395195,0.304520950298887,0.444478214372823,6.85330465009149
35,k__Bacteria.p__Bacteroidetes.c__Bacteroidia.o__Bacteroidales.f__Rikenellaceae,FAMILY_Rikenellaceae,1.02593013334619,0.305838973597034,0.442553731677953,9.49048296338086
36,k__Bacteria.p__Bacteroidetes.c__Bacteroidia.o__Bacteroidales.f__S24.7,FAMILY_S24.7,1.08160574385908,0.31604477688012,0.464597758587936,9.5163342661196
37,k__Bacteria.p__Bacteroidetes.c__Flavobacteriia,CLASS_Flavobacteriia,1.27866968742863,0.350985624719595,0.535690300417461,15.6535590018051
38,k__Bacteria.p__Cyanobacteria,PHYLUM_Cyanobacteria,1.04056168317128,0.308536567491795,0.450468707324078,7.96863597745753
39,k__Bacteria.p__Firmicutes,PHYLUM_Firmicutes,1.0189313734767,0.304544592115629,0.441884970811432,6.50560466199778
40,k__Bacteria.p__Firmicutes.c__Bacilli,CLASS_Bacilli,1.0107680600752,0.303031486653916,0.439751196462112,6.19545782190982
41,k__Bacteria.p__Firmicutes.c__Bacilli.o__,CLASS_Bacilli.o__Other,1.02814230780617,0.306247556804467,0.445217175494031,6.21309177760098
42,k__Bacteria.p__Firmicutes.c__Bacilli.o__Bacillales,ORDER_Bacillales,1.15332800883943,0.328965153359662,0.493711857078079,15.4774683947116
43,k__Bacteria.p__Firmicutes.c__Bacilli.o__Gemellales,ORDER_Gemellales,1.01741392583076,0.304263600454052,0.441780279213635,6.79754982842152
44,k__Bacteria.p__Firmicutes.c__Bacilli.o__Lactobacillales,ORDER_Lactobacillales,1.00564286911773,0.302079649986408,0.43980556500895,5.94769475049813
45,k__Bacteria.p__Firmicutes.c__Bacilli.o__Lactobacillales.f__,ORDER_Lactobacillales.f__Other,1.20365783633445,0.337898826821157,0.512473538242404,13.9417524373856
46,k__Bacteria.p__Firmicutes.c__Bacilli.o__Lactobacillales.f__Aerococcaceae,FAMILY_Aerococcaceae,1.03369523317229,0.307272021460951,0.447108091310497,7.27181509801036
47,k__Bacteria.p__Firmicutes.c__Bacilli.o__Lactobacillales.f__Carnobacteriaceae,FAMILY_Carnobacteriaceae,1.03654700005554,0.307797512496271,0.446281404835101,6.54039494093211
48,k__Bacteria.p__Firmicutes.c__Bacilli.o__Lactobacillales.f__Carnobacteriaceae.g__,FAMILY_Carnobacteriaceae.g__Other,1.0489491137576,0.310077877779322,0.450368954584797,6.40386162958873
49,k__Bacteria.p__Firmicutes.c__Bacilli.o__Lactobacillales.f__Carnobacteriaceae.g__Granulicatella,GENUS_Granulicatella,1.04720105214713,0.309756947802505,0.449817517033108,6.74618482380218
50,k__Bacteria.p__Firmicutes.c__Bacilli.o__Lactobacillales.f__Enterococcaceae,FAMILY_Enterococcaceae,1.11734304504629,0.322514411223144,0.482874212040778,15.6535590018051
51,k__Bacteria.p__Firmicutes.c__Bacilli.o__Lactobacillales.f__Lactobacillaceae,FAMILY_Lactobacillaceae,1.03740940866805,0.307956342937256,0.447382573926247,8.72614718800455
52,k__Bacteria.p__Firmicutes.c__Bacilli.o__Lactobacillales.f__Leuconostocaceae,FAMILY_Leuconostocaceae,1.03235747047331,0.307025365832303,0.444064399199444,6.76572321415908
53,k__Bacteria.p__Firmicutes.c__Bacilli.o__Lactobacillales.f__Leuconostocaceae.g__Leuconostoc,GENUS_Leuconostoc,1.02880426040717,0.306369767093737,0.448176572913254,7.98222815316369
54,k__Bacteria.p__Firmicutes.c__Bacilli.o__Lactobacillales.f__Leuconostocaceae.g__Weissella,GENUS_Weissella,1.0519093014275,0.310620984449046,0.454419642074781,8.61231481148211
55,k__Bacteria.p__Firmicutes.c__Bacilli.o__Lactobacillales.f__Streptococcaceae,FAMILY_Streptococcaceae,1.01269726557649,0.303389400582186,0.440077648406728,6.01318841992367
56,k__Bacteria.p__Firmicutes.c__Bacilli.o__Lactobacillales.f__Streptococcaceae.g__Lactococcus,GENUS_Lactococcus,1.00060665521645,0.301142926910974,0.438130958150961,9.08464343808269
57,k__Bacteria.p__Firmicutes.c__Bacilli.o__Lactobacillales.f__Streptococcaceae.g__Streptococcus,GENUS_Streptococcus,1.00359717146759,0.30169932468184,0.439701785861907,5.31670615081064
58,k__Bacteria.p__Firmicutes.c__Bacilli.o__Turicibacterales,ORDER_Turicibacterales,1.04675231196486,0.309674537216617,0.447944037429025,6.89339439143331
59,k__Bacteria.p__Firmicutes.c__Clostridia,CLASS_Clostridia,1.0152941637215,0.303870867023448,0.441731508692259,7.09132736354363
60,k__Bacteria.p__Firmicutes.c__Clostridia.o__Clostridiales,ORDER_Clostridiales,1.0152941637215,0.303870867023448,0.441730128979866,7.08934678537595
61,k__Bacteria.p__Firmicutes.c__Clostridia.o__Clostridiales.f__,ORDER_Clostridiales.f__Other,1.04232080165489,0.308860134130565,0.444583848205531,6.39919802574651
62,k__Bacteria.p__Firmicutes.c__Clostridia.o__Clostridiales.f__.Mogibacteriaceae.,FAMILY_.Mogibacteriaceae.,1.04870754062087,0.310033536315874,0.448856549164144,6.65521291401517
63,k__Bacteria.p__Firmicutes.c__Clostridia.o__Clostridiales.f__.Mogibacteriaceae..g__,FAMILY_.Mogibacteriaceae..g__Other,1.04787684278781,0.309881036246145,0.448883446232735,6.7970297037929
64,k__Bacteria.p__Firmicutes.c__Clostridia.o__Clostridiales.f__.Mogibacteriaceae..g__Mogibacterium,GENUS_Mogibacterium,1.03110685936821,0.306794693436051,0.448103435282263,7.64490878528146
65,k__Bacteria.p__Firmicutes.c__Clostridia.o__Clostridiales.f__.Tissierellaceae.,FAMILY_.Tissierellaceae.,1.0332029795586,0.307181271137521,0.446071138671072,5.70708855009753
66,k__Bacteria.p__Firmicutes.c__Clostridia.o__Clostridiales.f__.Tissierellaceae..g__1.68,GENUS_1.68,1.09783514791118,0.318990448136391,0.4697964848099,9.54284202601149
67,k__Bacteria.p__Firmicutes.c__Clostridia.o__Clostridiales.f__.Tissierellaceae..g__Anaerococcus,GENUS_Anaerococcus,1.11095204604055,0.321361910574854,0.469569535220613,8.4853619447263
68,k__Bacteria.p__Firmicutes.c__Clostridia.o__Clostridiales.f__.Tissierellaceae..g__Finegoldia,GENUS_Finegoldia,1.09605178419442,0.318667389440062,0.473405672751519,15.9545909533585
69,k__Bacteria.p__Firmicutes.c__Clostridia.o__Clostridiales.f__.Tissierellaceae..g__Parvimonas,GENUS_Parvimonas,1.07878104869528,0.315530770998316,0.45719654198687,7.16489374143352
70,k__Bacteria.p__Firmicutes.c__Clostridia.o__Clostridiales.f__.Tissierellaceae..g__Peptoniphilus,GENUS_Peptoniphilus,1.05222406272775,0.310678707265517,0.454970820967282,7.97226316607246
71,k__Bacteria.p__Firmicutes.c__Clostridia.o__Clostridiales.f__.Tissierellaceae..g__ph2,GENUS_ph2,1.19520460457095,0.336382926975731,0.503145273270787,15.9545909533585
72,k__Bacteria.p__Firmicutes.c__Clostridia.o__Clostridiales.f__.Tissierellaceae..g__WAL_1855D,GENUS_WAL_1855D,1.04650628890681,0.30962935095304,0.451451628812716,6.97203914021455
73,k__Bacteria.p__Firmicutes.c__Clostridia.o__Clostridiales.f__Christensenellaceae,FAMILY_Christensenellaceae,1.01862396853491,0.304487678811031,0.439324403521563,7.0503192597795
74,k__Bacteria.p__Firmicutes.c__Clostridia.o__Clostridiales.f__Christensenellaceae.g__,FAMILY_Christensenellaceae.g__Other,1.02310933853321,0.305317600020649,0.439241389671589,6.99071911574464
75,k__Bacteria.p__Firmicutes.c__Clostridia.o__Clostridiales.f__Christensenellaceae.g__Christensenella,GENUS_Christensenella,1.0421765292184,0.308833603202956,0.449832662129495,6.51810324811568
76,k__Bacteria.p__Firmicutes.c__Clostridia.o__Clostridiales.f__Clostridiaceae,FAMILY_Clostridiaceae,1.03174634575162,0.306912655614128,0.442683311197937,5.94147528346624
77,k__Bacteria.p__Firmicutes.c__Clostridia.o__Clostridiales.f__Clostridiaceae.g__,FAMILY_Clostridiaceae.g__Other,1.01425199293047,0.303677692050125,0.43902576945723,5.90889253480771
78,k__Bacteria.p__Firmicutes.c__Clostridia.o__Clostridiales.f__Clostridiaceae.g__Clostridium,GENUS_Clostridium,1.03221421425952,0.30699894675034,0.443209887818729,7.23056063628617
79,k__Bacteria.p__Firmicutes.c__Clostridia.o__Clostridiales.f__Clostridiaceae.g__SMB53,GENUS_SMB53,1.03503426979918,0.307518817256182,0.445887733284829,6.08886264104537
80,k__Bacteria.p__Firmicutes.c__Clostridia.o__Clostridiales.f__Dehalobacteriaceae,FAMILY_Dehalobacteriaceae,1.03472809190295,0.307462394422864,0.445967069088772,6.64449292744965
81,k__Bacteria.p__Firmicutes.c__Clostridia.o__Clostridiales.f__EtOH8,FAMILY_EtOH8,1.06996231772712,0.313923491207532,0.465879383920115,7.56389144428509
82,k__Bacteria.p__Firmicutes.c__Clostridia.o__Clostridiales.f__Eubacteriaceae,FAMILY_Eubacteriaceae,1.03665237724314,0.30781692199008,0.451644881657224,6.13269695054129
83,k__Bacteria.p__Firmicutes.c__Clostridia.o__Clostridiales.f__Eubacteriaceae.g__Anaerofustis,GENUS_Anaerofustis,1.06994760756374,0.313920806928153,0.456160744443886,6.20828339231171
84,k__Bacteria.p__Firmicutes.c__Clostridia.o__Clostridiales.f__Eubacteriaceae.g__Pseudoramibacter_Eubacterium,GENUS_Pseudoramibacter_Eubacterium,1.13151418983138,0.325061739817032,0.490736450568255,15.6535590018051
85,k__Bacteria.p__Firmicutes.c__Clostridia.o__Clostridiales.f__Lachnospiraceae,FAMILY_Lachnospiraceae,0.998754862629772,0.300798144309449,0.438286061902048,7.14039702202824
86,k__Bacteria.p__Firmicutes.c__Clostridia.o__Clostridiales.f__Lachnospiraceae.g__,FAMILY_Lachnospiraceae.g__Other,1.00032662723961,0.301090801147931,0.437454664897434,6.26390800902711
87,k__Bacteria.p__Firmicutes.c__Clostridia.o__Clostridiales.f__Lachnospiraceae.g__.Ruminococcus.,GENUS_.Ruminococcus.,1.02550712631036,0.305760815457691,0.440222923931452,5.04347956856854
88,k__Bacteria.p__Firmicutes.c__Clostridia.o__Clostridiales.f__Lachnospiraceae.g__Anaerostipes,GENUS_Anaerostipes,1.02363127851475,0.30541410347235,0.441516413350825,9.08993509616551
89,k__Bacteria.p__Firmicutes.c__Clostridia.o__Clostridiales.f__Lachnospiraceae.g__Blautia,GENUS_Blautia,1.0252457814153,0.305712522515003,0.439493173994333,7.1589410100566
90,k__Bacteria.p__Firmicutes.c__Clostridia.o__Clostridiales.f__Lachnospiraceae.g__Coprococcus,GENUS_Coprococcus,1.04232080165489,0.308860134130565,0.445597703794977,5.86183629830855
91,k__Bacteria.p__Firmicutes.c__Clostridia.o__Clostridiales.f__Lachnospiraceae.g__Dorea,GENUS_Dorea,1.01186878979009,0.303235723346893,0.436404323858111,5.84271250974382
92,k__Bacteria.p__Firmicutes.c__Clostridia.o__Clostridiales.f__Lachnospiraceae.g__Lachnobacterium,GENUS_Lachnobacterium,1.03642247354079,0.307774575121896,0.444170430492045,6.00762147226471
93,k__Bacteria.p__Firmicutes.c__Clostridia.o__Clostridiales.f__Lachnospiraceae.g__Lachnospira,GENUS_Lachnospira,1.0306250508999,0.306705802816645,0.44743185182965,7.38197283364681
94,k__Bacteria.p__Firmicutes.c__Clostridia.o__Clostridiales.f__Lachnospiraceae.g__Oribacterium,GENUS_Oribacterium,1.08292615111675,0.316284464796686,0.46865586461907,15.4774683947116
95,k__Bacteria.p__Firmicutes.c__Clostridia.o__Clostridiales.f__Lachnospiraceae.g__Pseudobutyrivibrio,GENUS_Pseudobutyrivibrio,1.08369818155967,0.316425281289519,0.464681360224806,8.29544198688812
96,k__Bacteria.p__Firmicutes.c__Clostridia.o__Clostridiales.f__Lachnospiraceae.g__Roseburia,GENUS_Roseburia,1.02633424827976,0.305913632145047,0.444460238410282,8.43721481766692
97,k__Bacteria.p__Firmicutes.c__Clostridia.o__Clostridiales.f__Peptococcaceae,FAMILY_Peptococcaceae,1.04587936433923,0.309514191542402,0.449523984481404,6.27757175802031
98,k__Bacteria.p__Firmicutes.c__Clostridia.o__Clostridiales.f__Peptococcaceae.g__,FAMILY_Peptococcaceae.g__Other,1.06817368427843,0.313597025609071,0.459632841745239,8.67212226597147
99,k__Bacteria.p__Firmicutes.c__Clostridia.o__Clostridiales.f__Peptococcaceae.g__Peptococcus,GENUS_Peptococcus,1.18580587575571,0.334720211740841,0.511872750011288,15.9545909533585
100,k__Bacteria.p__Firmicutes.c__Clostridia.o__Clostridiales.f__Peptococcaceae.g__rc4.4,GENUS_rc4.4,1.05476891941342,0.311145211460231,0.451555822350749,6.19351205758765
101,k__Bacteria.p__Firmicutes.c__Clostridia.o__Clostridiales.f__Peptostreptococcaceae,FAMILY_Peptostreptococcaceae,1.00206839290245,0.301414951135415,0.436479479317028,6.05057242118812
102,k__Bacteria.p__Firmicutes.c__Clostridia.o__Clostridiales.f__Peptostreptococcaceae.g__,FAMILY_Peptostreptococcaceae.g__Other,1.00390125934801,0.301755873725782,0.436142382449714,6.44300197892158
103,k__Bacteria.p__Firmicutes.c__Clostridia.o__Clostridiales.f__Peptostreptococcaceae.g__Peptostreptococcus,GENUS_Peptostreptococcus,1.10183938200268,0.31971526302125,0.468506332062635,10.3073971646584
104,k__Bacteria.p__Firmicutes.c__Clostridia.o__Clostridiales.f__Ruminococcaceae,FAMILY_Ruminococcaceae,1.04283068217248,0.308953889724125,0.444575248982583,8.47427640934066
105,k__Bacteria.p__Firmicutes.c__Clostridia.o__Clostridiales.f__Ruminococcaceae.g__,FAMILY_Ruminococcaceae.g__Other,1.03156496927877,0.306879200398312,0.44501464250869,6.92192399092829
106,k__Bacteria.p__Firmicutes.c__Clostridia.o__Clostridiales.f__Ruminococcaceae.g__Anaerotruncus,GENUS_Anaerotruncus,1.014039882043,0.303638368306582,0.439279535515759,5.79689908972853
107,k__Bacteria.p__Firmicutes.c__Clostridia.o__Clostridiales.f__Ruminococcaceae.g__Faecalibacterium,GENUS_Faecalibacterium,1.02649117141724,0.305942620687365,0.44790002467475,8.19095568452415
108,k__Bacteria.p__Firmicutes.c__Clostridia.o__Clostridiales.f__Ruminococcaceae.g__Oscillospira,GENUS_Oscillospira,1.03678650506388,0.307841626236842,0.443451854979818,7.37688722360688
109,k__Bacteria.p__Firmicutes.c__Clostridia.o__Clostridiales.f__Ruminococcaceae.g__Ruminococcus,GENUS_Ruminococcus,1.03076337501831,0.306731324003811,0.446898904737517,6.83957949304068
110,k__Bacteria.p__Firmicutes.c__Clostridia.o__Clostridiales.f__Veillonellaceae,FAMILY_Veillonellaceae,1.01750369754385,0.304280227298206,0.437535072393041,6.45385603401378
111,k__Bacteria.p__Firmicutes.c__Clostridia.o__Clostridiales.f__Veillonellaceae.g__,FAMILY_Veillonellaceae.g__Other,1.08372788324045,0.316430680913814,0.466157334551779,7.78643708934992
112,k__Bacteria.p__Firmicutes.c__Clostridia.o__Clostridiales.f__Veillonellaceae.g__Acidaminococcus,GENUS_Acidaminococcus,1.03383864042525,0.307298457160375,0.45649575644334,15.2556193843103
113,k__Bacteria.p__Firmicutes.c__Clostridia.o__Clostridiales.f__Veillonellaceae.g__Dialister,GENUS_Dialister,1.00825002410313,0.302564024091438,0.438801222904839,6.51673515621544
114,k__Bacteria.p__Firmicutes.c__Clostridia.o__Clostridiales.f__Veillonellaceae.g__Megamonas,GENUS_Megamonas,1.03528787380067,0.307565547964439,0.450172641810105,9.00430076265563
115,k__Bacteria.p__Firmicutes.c__Clostridia.o__Clostridiales.f__Veillonellaceae.g__Megasphaera,GENUS_Megasphaera,1.09425064706129,0.318340955223153,0.480367738681987,15.9545909533585
116,k__Bacteria.p__Firmicutes.c__Clostridia.o__Clostridiales.f__Veillonellaceae.g__Phascolarctobacterium,GENUS_Phascolarctobacterium,1.01012872148994,0.302912829104116,0.438517725289363,5.75604222158148
117,k__Bacteria.p__Firmicutes.c__Clostridia.o__Clostridiales.f__Veillonellaceae.g__Succiniclasticum,GENUS_Succiniclasticum,1.0849560845431,0.316638617512748,0.470209808968331,15.9545909533585
118,k__Bacteria.p__Firmicutes.c__Clostridia.o__Clostridiales.f__Veillonellaceae.g__Veillonella,GENUS_Veillonella,1.01511491124322,0.303837645299593,0.439207222066636,5.97347082105078
119,k__Bacteria.p__Firmicutes.c__Clostridia.o__SHA.98,ORDER_SHA.98,1.05300884780215,0.310822603682229,0.453478644617618,7.8493540660799
120,k__Bacteria.p__Firmicutes.c__Erysipelotrichi,CLASS_Erysipelotrichi,1.02394928301775,0.305472893357543,0.442634596575359,7.07983804827353
121,k__Bacteria.p__Firmicutes.c__Erysipelotrichi.o__Erysipelotrichales.f__Erysipelotrichaceae.g__,FAMILY_Erysipelotrichaceae.g__Other,1.0205546502956,0.304845042829446,0.439700254309302,6.53377614598362
122,k__Bacteria.p__Firmicutes.c__Erysipelotrichi.o__Erysipelotrichales.f__Erysipelotrichaceae.g__.Eubacterium.,GENUS_.Eubacterium.,1.02175320711942,0.305066791357063,0.442852454628093,8.03227141729905
123,k__Bacteria.p__Firmicutes.c__Erysipelotrichi.o__Erysipelotrichales.f__Erysipelotrichaceae.g__Allobaculum,GENUS_Allobaculum,1.21157517530091,0.339293855746815,0.519108345844552,12.9903281886461
124,k__Bacteria.p__Firmicutes.c__Erysipelotrichi.o__Erysipelotrichales.f__Erysipelotrichaceae.g__Bulleidia,GENUS_Bulleidia,1.0684822485312,0.313653356945108,0.453732531857772,8.88730788022445
125,k__Bacteria.p__Firmicutes.c__Erysipelotrichi.o__Erysipelotrichales.f__Erysipelotrichaceae.g__Catenibacterium,GENUS_Catenibacterium,1.15153132597156,0.328640145347828,0.524490267751224,15.9545909533585
126,k__Bacteria.p__Firmicutes.c__Erysipelotrichi.o__Erysipelotrichales.f__Erysipelotrichaceae.g__cc_115,GENUS_cc_115,1.0241724040104,0.305514138773249,0.445359046666611,6.00137236513659
127,k__Bacteria.p__Firmicutes.c__Erysipelotrichi.o__Erysipelotrichales.f__Erysipelotrichaceae.g__Clostridium,GENUS_Clostridium,1.04495395192698,0.309344165785881,0.454380559576832,8.07606880600353
128,k__Bacteria.p__Firmicutes.c__Erysipelotrichi.o__Erysipelotrichales.f__Erysipelotrichaceae.g__Coprobacillus,GENUS_Coprobacillus,1.03833948467569,0.30812759192216,0.446182089185465,5.93453232753435
129,k__Bacteria.p__Fusobacteria,PHYLUM_Fusobacteria,1.12725299744926,0.324297712330833,0.479034502729279,15.4774683947116
130,k__Bacteria.p__Lentisphaerae,PHYLUM_Lentisphaerae,1.05390073356541,0.310986099438047,0.465147767545756,10.2743398741639
131,k__Bacteria.p__Proteobacteria,PHYLUM_Proteobacteria,1.02296228158594,0.305290407466075,0.444888250710573,6.08160318522381
132,k__Bacteria.p__Proteobacteria.c__Alphaproteobacteria,CLASS_Alphaproteobacteria,1.05406559968726,0.311016317348971,0.454519780139,6.55530581032569
133,k__Bacteria.p__Proteobacteria.c__Betaproteobacteria,CLASS_Betaproteobacteria,1.01848684053235,0.304462289127181,0.443555209877889,7.51742366694987
134,k__Bacteria.p__Proteobacteria.c__Betaproteobacteria.o__Burkholderiales,ORDER_Burkholderiales,1.01704545002933,0.304195349553123,0.443251799470372,7.51149440734831
135,k__Bacteria.p__Proteobacteria.c__Betaproteobacteria.o__Burkholderiales.f__,ORDER_Burkholderiales.f__Other,1.04138329388053,0.308687712065237,0.456940759384952,8.55438957032685
136,k__Bacteria.p__Proteobacteria.c__Betaproteobacteria.o__Burkholderiales.f__Alcaligenaceae,FAMILY_Alcaligenaceae,1.01955111894614,0.30465931698193,0.443421780027518,7.00670797038943
137,k__Bacteria.p__Proteobacteria.c__Betaproteobacteria.o__Burkholderiales.f__Comamonadaceae,FAMILY_Comamonadaceae,1.11717590612961,0.322484295201242,0.482676409616539,10.8364540152394
138,k__Bacteria.p__Proteobacteria.c__Betaproteobacteria.o__Burkholderiales.f__Comamonadaceae.g__,FAMILY_Comamonadaceae.g__Other,1.22872916564771,0.342295103843564,0.537099557906349,15.6535590018051
139,k__Bacteria.p__Proteobacteria.c__Betaproteobacteria.o__Burkholderiales.f__Comamonadaceae.g__Comamonas,GENUS_Comamonas,1.20864112570428,0.33876486528192,0.51671850837346,15.9545909533585
140,k__Bacteria.p__Proteobacteria.c__Betaproteobacteria.o__Burkholderiales.f__Oxalobacteraceae,FAMILY_Oxalobacteraceae,1.06592268114416,0.313185938736057,0.459733001815497,11.4590726868467
141,k__Bacteria.p__Proteobacteria.c__Betaproteobacteria.o__Rhodocyclales,ORDER_Rhodocyclales,1.29755607793946,0.354253604621755,0.566440609044032,15.6535590018051
142,k__Bacteria.p__Proteobacteria.c__Deltaproteobacteria,CLASS_Deltaproteobacteria,1.00873354479005,0.302653814604802,0.440193552652287,7.32000915756513
143,k__Bacteria.p__Proteobacteria.c__Deltaproteobacteria.o__Desulfovibrionales.f__Desulfovibrionaceae.g__,FAMILY_Desulfovibrionaceae.g__Other,1.80681996477539,0.438103535743929,0.76589265711089,15.9545909533585
144,k__Bacteria.p__Proteobacteria.c__Deltaproteobacteria.o__Desulfovibrionales.f__Desulfovibrionaceae.g__Bilophila,GENUS_Bilophila,1.01545928515619,0.30390146822809,0.442592515649203,6.11072967990621
145,k__Bacteria.p__Proteobacteria.c__Deltaproteobacteria.o__Desulfovibrionales.f__Desulfovibrionaceae.g__Desulfovibrio,GENUS_Desulfovibrio,1.03691585469878,0.307865449520032,0.449228395135746,9.03678421294142
146,k__Bacteria.p__Proteobacteria.c__Epsilonproteobacteria,CLASS_Epsilonproteobacteria,1.08427747396303,0.316530586074493,0.466859461022698,8.45091700195731
147,k__Bacteria.p__Proteobacteria.c__Gammaproteobacteria,CLASS_Gammaproteobacteria,1.01640793409779,0.304077248334904,0.442725638972233,5.33954530465799
148,k__Bacteria.p__Proteobacteria.c__Gammaproteobacteria.o__Aeromonadales,ORDER_Aeromonadales,1.25058923282577,0.346129305255201,0.50744668543345,15.6535590018051
149,k__Bacteria.p__Proteobacteria.c__Gammaproteobacteria.o__Enterobacteriales,ORDER_Enterobacteriales,1.03243865547922,0.307040337358834,0.445467254811839,5.9488783618139
150,k__Bacteria.p__Proteobacteria.c__Gammaproteobacteria.o__Enterobacteriales.f__Enterobacteriaceae.g__,FAMILY_Enterobacteriaceae.g__Other,1.03251506918219,0.307054428678819,0.445468306468197,5.95117767573015
151,k__Bacteria.p__Proteobacteria.c__Gammaproteobacteria.o__Enterobacteriales.f__Enterobacteriaceae.g__Serratia,GENUS_Serratia,1.20733469294524,0.338529965073556,0.541638747604522,15.9545909533585
152,k__Bacteria.p__Proteobacteria.c__Gammaproteobacteria.o__Pasteurellales,ORDER_Pasteurellales,1.02318524495336,0.305331635553717,0.440859078457778,5.4286522600583
153,k__Bacteria.p__Proteobacteria.c__Gammaproteobacteria.o__Pasteurellales.f__Pasteurellaceae.g__Actinobacillus,GENUS_Actinobacillus,1.24356778143993,0.344904804623549,0.520759291697824,15.6535590018051
154,k__Bacteria.p__Proteobacteria.c__Gammaproteobacteria.o__Pasteurellales.f__Pasteurellaceae.g__Aggregatibacter,GENUS_Aggregatibacter,1.03857929444121,0.30817173920521,0.453220649112902,7.75148971838122
155,k__Bacteria.p__Proteobacteria.c__Gammaproteobacteria.o__Pasteurellales.f__Pasteurellaceae.g__Haemophilus,GENUS_Haemophilus,1.01745644855162,0.30427147624825,0.439779274132865,5.47430747549499
156,k__Bacteria.p__Proteobacteria.c__Gammaproteobacteria.o__Pseudomonadales,ORDER_Pseudomonadales,1.0683108157712,0.313622060856375,0.452514918982173,6.95767655386755
157,k__Bacteria.p__Proteobacteria.c__Gammaproteobacteria.o__Pseudomonadales.f__Moraxellaceae,FAMILY_Moraxellaceae,1.03050104776394,0.30668292302727,0.448827844061864,6.72924199674224
158,k__Bacteria.p__Proteobacteria.c__Gammaproteobacteria.o__Pseudomonadales.f__Moraxellaceae.g__Acinetobacter,GENUS_Acinetobacter,1.03134066762461,0.30683782514346,0.448553129123054,8.45915893488228
159,k__Bacteria.p__Proteobacteria.c__Gammaproteobacteria.o__Pseudomonadales.f__Moraxellaceae.g__Enhydrobacter,GENUS_Enhydrobacter,0.894307962270855,0.28099289723063,0.549934433965474,15.9545909533585
160,k__Bacteria.p__Proteobacteria.c__Gammaproteobacteria.o__Pseudomonadales.f__Pseudomonadaceae,FAMILY_Pseudomonadaceae,1.33015562654137,0.359891401354297,0.504658389292321,8.30360516436247
161,k__Bacteria.p__Synergistetes,PHYLUM_Synergistetes,1.19281228896669,0.335979830089639,0.56711596813559,15.9545909533585
162,k__Bacteria.p__Tenericutes,PHYLUM_Tenericutes,1.02843752860807,0.306302063620108,0.447529435795568,6.65466352429004
163,k__Bacteria.p__Tenericutes.c__Mollicutes,CLASS_Mollicutes,1.02938551250702,0.306477059146374,0.451058970220246,7.49299061308472
164,k__Bacteria.p__Tenericutes.c__RF3,CLASS_RF3,1.05800380197933,0.311737727315434,0.458882289868464,7.58784533045732
165,k__Bacteria.p__TM7,PHYLUM_TM7,1.0551571064844,0.311216341831323,0.453862349733588,6.41914000237527
166,k__Bacteria.p__Verrucomicrobia,PHYLUM_Verrucomicrobia,1.02211818980695,0.305134302519041,0.441128653625287,6.01558341210943
